{
  "lines": [
    {
      "name": "BTS_SUKHUMVIT",
      "color": "#84c469",
      "stations": [
        {
          "id": "N24",
          "name": "Khu Khot",
          "connections": [
            { "to": "N23", "time": 2 }
          ]
        },
        {
          "id": "N23",
          "name": "Yaek-Kor-Por-Aor",
          "connections": [
            { "to": "N24", "time": 2 },
            { "to": "N22", "time": 2 }
          ]
        },
        {
          "id": "N22",
          "name": "Royal-Thai-Air-Force-Museum",
          "connections": [
            { "to": "N23", "time": 2 },
            { "to": "N21", "time": 2 }
          ]
        },
        {
          "id": "N21",
          "name": "Bhumibol-Adulyadej-Hospital",
          "connections": [
            { "to": "N22", "time": 2 },
            { "to": "N20", "time": 2 }
          ]
        },
        {
          "id": "N20",
          "name": "Saphan-Mai",
          "connections": [
            { "to": "N21", "time": 2 },
            { "to": "N19", "time": 2 }
          ]
        },
        {
          "id": "N19",
          "name": "Sai-Yud",
          "connections": [
            { "to": "N20", "time": 2 },
            { "to": "N18", "time": 1 }
          ]
        },
        {
          "id": "N18",
          "name": "Phahon-Yothin-59",
          "connections": [
            { "to": "N19", "time": 1 },
            { "to": "N17", "time": 2 }
          ]
        },
        {
          "id": "N17",
          "name": "Wat-Phra-Sri-Mahathat",
          "interchange": true,
          "connections": [
            { "to": "N18", "time": 2 },
            { "to": "N16", "time": 2 },
            { "to": "PK16", "time": 5 , "type": "interchange", "line": "MRT_PINK" }
          ]
        },
        {
          "id": "N16",
          "name": "11th-Infantry-Regiment",
          "connections": [
            { "to": "N17", "time": 2 },
            { "to": "N15", "time": 2 }
          ]
        },
        {
          "id": "N15",
          "name": "Bang-Bua",
          "connections": [
            { "to": "N16", "time": 2 },
            { "to": "N14", "time": 1 }
          ]
        },
        {
          "id": "N14",
          "name": "Royal-Forest-Department",
          "connections": [
            { "to": "N15", "time": 1 },
            { "to": "N13", "time": 2 }
          ]
        },
        {
          "id": "N13",
          "name": "Kasetsart-University",
          "connections": [
            { "to": "N14", "time": 2 },
            { "to": "N12", "time": 1 }
          ]
        },
        {
          "id": "N12",
          "name": "Sena-Nikhom",
          "connections": [
            { "to": "N13", "time": 1 },
            { "to": "N11", "time": 2 }
          ]
        },
        {
          "id": "N11",
          "name": "Ratchayothin",
          "connections": [
            { "to": "N12", "time": 2 },
            { "to": "N10", "time": 1 }
          ]
        },
        {
          "id": "N10",
          "name": "Phahon-Yothin-24",
          "connections": [
            { "to": "N11", "time": 1 },
            { "to": "N9", "time": 2 }
          ]
        },
        {
          "id": "N9",
          "name": "Ha-Yaek-Lat-Phrao",
          "interchange": true,
          "connections": [
            { "to": "N10", "time": 2 },
            { "to": "N8", "time": 3 },
            { "to": "BL14", "time": 6 , "type": "interchange" , "line": "MRT_BLUE" }
          ]
        },
        {
          "id": "N8",
          "name": "Mo-Chit",
          "interchange": true,
          "connections": [
            { "to": "N9", "time": 3 },
            { "to": "N7", "time": 1 },
            { "to": "BL13", "time": 3 , "type": "interchange" , "line": "MRT_BLUE" }
          ]
        },
        {
          "id": "N7",
          "name": "Saphan-Khwai",
          "connections": [
            { "to": "N8", "time": 1 },
            { "to": "N5", "time": 3 }
          ]
        },
        {
          "id": "N5",
          "name": "Ari",
          "connections": [
            { "to": "N7", "time": 3 },
            { "to": "N4", "time": 1 }
          ]
        },
        {
          "id": "N4",
          "name": "Sanam-Pao",
          "connections": [
            { "to": "N5", "time": 1 },
            { "to": "N3", "time": 3 }
          ]
        },
        {
          "id": "N3",
          "name": "Victory-Monument",
          "connections": [
            { "to": "N4", "time": 3 },
            { "to": "N2", "time": 2 }
          ]
        },
        {
          "id": "N2",
          "name": "Phaya-Thai",
          "interchange": true,
          "connections": [
            { "to": "N3", "time": 2 },
            { "to": "N1", "time": 2 },
            { "to": "A8", "time": 6 , "type": "interchange" , "line": "ARL" }
          ]
        },
        {
          "id": "N1",
          "name": "Ratchathewi",
          "connections": [
            { "to": "N2", "time": 2 },
            { "to": "CEN", "time": 2 , "type" : "interchange"}
          ]
        },
        {
          "id": "CEN",
          "name": "Siam",
          "interchange": true,
          "connections": [
            { "to": "N1", "time": 2 },
            { "to": "E1", "time": 2 },
            { "to": "W1", "time": 4 , "line": "BTS_SILOM" },
            { "to": "S1", "time": 3 , "line": "BTS_SILOM" }
          ]
        },
        {
          "id": "E1",
          "name": "Chit-Lom",
          "connections": [
            { "to": "CEN", "time": 2 , "type" : "interchange"},
            { "to": "E2", "time": 2 }
          ]
        },
        {
          "id": "E2",
          "name": "Phloen-Chit",
          "connections": [
            { "to": "E1", "time": 2 },
            { "to": "E3", "time": 2 }
          ]
        },
        {
          "id": "E3",
          "name": "Nana",
          "connections": [
            { "to": "E2", "time": 2 },
            { "to": "E4", "time": 1 }
          ]
        },
        {
          "id": "E4",
          "name": "Asok",
          "interchange": true,
          "connections": [
            { "to": "E3", "time": 1 },
            { "to": "E5", "time": 2 },
            { "to": "BL22", "time": 5 , "type": "interchange" , "line": "MRT_BLUE" }
          ]
        },
        {
          "id": "E5",
          "name": "Phrom-Phong",
          "connections": [
            { "to": "E4", "time": 2 },
            { "to": "E6", "time": 2 }
          ]
        },
        {
          "id": "E6",
          "name": "Thong-Lo",
          "connections": [
            { "to": "E5", "time": 2 },
            { "to": "E7", "time": 2 }
          ]
        },
        {
          "id": "E7",
          "name": "Ekkamai",
          "connections": [
            { "to": "E6", "time": 2 },
            { "to": "E8", "time": 2 }
          ]
        },
        {
          "id": "E8",
          "name": "Phra-Khanong",
          "connections": [
            { "to": "E7", "time": 2 },
            { "to": "E9", "time": 2 }
          ]
        },
        {
          "id": "E9",
          "name": "On-Nut",
          "connections": [
            { "to": "E8", "time": 2 },
            { "to": "E10", "time": 2 }
          ]
        },
        {
          "id": "E10",
          "name": "Bang-Chak",
          "connections": [
            { "to": "E9", "time": 2 },
            { "to": "E11", "time": 1 }
          ]
        },
        {
          "id": "E11",
          "name": "Punnawithi",
          "connections": [
            { "to": "E10", "time": 1 },
            { "to": "E12", "time": 2 }
          ]
        },
        {
          "id": "E12",
          "name": "Udom-Suk",
          "connections": [
            { "to": "E11", "time": 2 },
            { "to": "E13", "time": 2 }
          ]
        },
        {
          "id": "E13",
          "name": "Bang-Na",
          "connections": [
            { "to": "E12", "time": 2 },
            { "to": "E14", "time": 2 }
          ]
        },
        {
          "id": "E14",
          "name": "Bearing",
          "connections": [
            { "to": "E13", "time": 2 },
            { "to": "E15", "time": 2 }
          ]
        },
        {
          "id": "E15",
          "name": "Samrong",
          "interchange": true,
          "connections": [
            { "to": "E14", "time": 2 },
            { "to": "E16", "time": 1 },
            { "to": "YL23", "time": 10 , "type": "interchange" , "line": "MRT_YELLOW" }
          ]
        },
        {
          "id": "E16",
          "name": "Pu-Chao",
          "connections": [
            { "to": "E15", "time": 1 },
            { "to": "E17", "time": 3 }
          ]
        },
        {
          "id": "E17",
          "name": "Chang-Erawan",
          "connections": [
            { "to": "E16", "time": 3 },
            { "to": "E18", "time": 3 }
          ]
        },
        {
          "id": "E18",
          "name": "Royal-Thai-Naval-Academy",
          "connections": [
            { "to": "E17", "time": 3 },
            { "to": "E19", "time": 1 }
          ]
        },
        {
          "id": "E19",
          "name": "Pak-Nam",
          "connections": [
            { "to": "E18", "time": 1 },
            { "to": "E20", "time": 3 }
          ]
        },
        {
          "id": "E20",
          "name": "Srinagarindra",
          "connections": [
            { "to": "E19", "time": 3 },
            { "to": "E21", "time": 2 }
          ]
        },
        {
          "id": "E21",
          "name": "Phraek-Sa",
          "connections": [
            { "to": "E20", "time": 2 },
            { "to": "E22", "time": 1 }
          ]
        },
        {
          "id": "E22",
          "name": "Sai-Luat",
          "connections": [
            { "to": "E21", "time": 1 },
            { "to": "E23", "time": 2 }
          ]
        },
        {
          "id": "E23",
          "name": "Kheha",
          "connections": [
            { "to": "E22", "time": 2 }
          ]
        }
      ]
    },
    {
      "name": "BTS_SILOM",
      "color": "#328674",
      "stations": [
        {
          "id": "W1",
          "name": "National-Stadium",
          "connections": [
            { "to": "CEN", "time": 3 , "type" : "interchange"}
          ]
        },
        {
          "id": "CEN",
          "name": "Siam",
          "interchange": true,
          "connections": [
            { "to": "W1", "time": 1 },
            { "to": "S1", "time": 3 },
            { "to": "N1", "time": 2 , "line": "BTS_SUKHUMVIT" },
            { "to": "E1", "time": 2 , "line": "BTS_SUKHUMVIT" }
          ]
        },
        {
          "id": "S1",
          "name": "Ratchadamri",
          "connections": [
            { "to": "CEN", "time": 3 , "type" : "interchange"},
            { "to": "S2", "time": 3 }
          ]
        },
        {
          "id": "S2",
          "name": "Sala-Daeng",
          "interchange": true,
          "connections": [
            { "to": "S1", "time": 3 },
            { "to": "S3", "time": 2 },
            { "to": "BL26", "time": 4 , "type": "interchange" , "line": "MRT_BLUE" }
          ]
        },
        {
          "id": "S3",
          "name": "Chong-Nonsi",
          "connections": [
            { "to": "S2", "time": 2 },
            { "to": "S4", "time": 2 }
          ]
        },
        {
          "id": "S4",
          "name": "Saint-Louis",
          "connections": [
            { "to": "S3", "time": 2 },
            { "to": "S5", "time": 1 }
          ]
        },
        {
          "id": "S5",
          "name": "Surasak",
          "connections": [
            { "to": "S4", "time": 1 },
            { "to": "S6", "time": 2 }
          ]
        },
        {
          "id": "S6",
          "name": "Saphan-Taksin",
          "connections": [
            { "to": "S5", "time": 2 },
            { "to": "S7", "time": 3 }
          ]
        },
        {
          "id": "S7",
          "name": "Krung-Thon-Buri",
          "interchange": true,
          "connections": [
            { "to": "S6", "time": 3 },
            { "to": "S8", "time": 1 },
            { "to": "G1", "time": 1 , "type": "interchange" , "line": "GOLD_LINE" }
          ]
        },
        {
          "id": "S8",
          "name": "Wongwian-Yai",
          "connections": [
            { "to": "S7", "time": 1 },
            { "to": "S9", "time": 2 }
          ]
        },
        {
          "id": "S9",
          "name": "Pho-Nimit",
          "connections": [
            { "to": "S8", "time": 2 },
            { "to": "S10", "time": 2 }
          ]
        },
        {
          "id": "S10",
          "name": "Talat-Phlu",
          "connections": [
            { "to": "S9", "time": 2 },
            { "to": "S11", "time": 2 }
          ]
        },
        {
          "id": "S11",
          "name": "Wutthakat",
          "connections": [
            { "to": "S10", "time": 2 },
            { "to": "S12", "time": 2 }
          ]
        },
        {
          "id": "S12",
          "name": "Bang-Wa",
          "interchange": true,
          "connections": [
            { "to": "S11", "time": 2 },
            { "to": "BL34", "time": 1 , "type": "interchange" , "line": "MRT_BLUE" }
          ]
        }
      ]
    },
    {
      "name": "GOLD_LINE",
      "color": "#ad9f51",
      "stations": [
        {
          "id": "G3",
          "name": "Khlong-San",
          "connections": [
            { "to": "G2", "time": 3 }
          ]
        },
        {
          "id": "G2",
          "name": "Charoen-Nakhorn",
          "connections": [
            { "to": "G3", "time": 3 },
            { "to": "G1", "time": 2 }
          ]
        },
        {
          "id": "G1",
          "name": "Krung-Thon-Buri",
          "interchange": true,
          "connections": [
            { "to": "G2", "time": 2 },
            { "to": "S7", "time": 3 , "type" : "interchange", "line": "BTS_SILOM" }
          ]
        }
      ]
    },
    {
      "name": "SRT_RED",
      "color": "#cd6060",
      "stations": [
        {
          "id": "RN01",
          "name": "Rangsit",
          "connections": [
            { "to": "RN02", "time": 2 }
          ]
        },
        {
          "id": "RN02",
          "name": "Lak-Hok",
          "connections": [
            { "to": "RN03", "time": 2 },
            { "to": "RN01", "time": 2 }
          ]
        },
        {
          "id": "RN03",
          "name": "Don-Mueang",
          "connections": [
            { "to": "RN04", "time": 2 },
            { "to": "RN02", "time": 2 }
          ]
        },
        {
          "id": "RN04",
          "name": "Kan-Kheha",
          "connections": [
            { "to": "RN05", "time": 3 },
            { "to": "RN03", "time": 2 }
          ]
        },
        {
          "id": "RN05",
          "name": "Lak-Si",
          "interchange": true,
          "connections": [
            { "to": "RN06", "time": 2 },
            { "to": "RN04", "time": 3 },
            { "to": "PK14", "time": 6, "type": "interchange", "line": "MRT_PINK" }
          ]
        },
        {
          "id": "RN06",
          "name": "Thung-Song-Hong",
          "connections": [
            { "to": "RN07", "time": 2 },
            { "to": "RN05", "time": 2 }
          ]
        },
        {
          "id": "RN07",
          "name": "Bang-Khen",
          "connections": [
            { "to": "RN08", "time": 2 },
            { "to": "RN06", "time": 2 }
          ]
        },
        {
          "id": "RN08",
          "name": "Wat-Samian-Nari",
          "connections": [
            { "to": "RN09", "time": 2 },
            { "to": "RN07", "time": 2 }
          ]
        },
        {
          "id": "RN09",
          "name": "Chatuchak",
          "interchange": true,
          "connections": [
            { "to": "RN10", "time": 2 },
            { "to": "RN08", "time": 2 }
          ]
        },
        {
          "id": "RN10",
          "name": "Krung-Thep-Aphiwat",
          "interchange": true,
          "connections": [
            { "to": "RW01", "time": 5 },
            { "to": "RN09", "time": 2 },
            { "to": "BL11", "time": 5, "type": "interchange", "line": "MRT_BLUE" }
          ]
        },
        {
          "id": "RW01",
          "name": "Krung-Thep-Aphiwat",
          "interchange": true,
          "connections": [
            { "to": "RN10", "time": 5 },
            { "to": "BL11", "time": 5, "type": "interchange", "line": "MRT_BLUE" }
          ]
        },
        {
          "id": "RW02",
          "name": "Bang-Son",
          "interchange": true,
          "connections": [
            { "to": "RW03", "time": 2 },
            { "to": "RW01", "time": 5 },
            {"to":  "PP14", "time": 3, "type": "interchange", "line": "MRT_PURPLE" }
          ]
        },
        {
          "id": "RW03",
          "name": "Bang-Bamru",
          "connections": [
            { "to": "RW04", "time": 2 },
            { "to": "RW02", "time": 2 }
          ]
        },
        {
          "id": "RW04",
          "name": "Taling-Chan",
          "connections": [
            { "to": "RW03", "time": 2 }
          ]
        }
      ]
    },
    {
      "name": "MRT_BLUE",
      "color": "#063b82",
      "stations": [
        {
          "id": "BL38",
          "name": "Lak-Song",
          "connections": [
            { "to": "BL37", "time": 2 }
          ]
        },
        {
          "id": "BL37",
          "name": "Bang-Khae",
          "connections": [
            { "to": "BL38", "time": 2 },
            { "to": "BL36", "time": 2 }
          ]
        },
        {
          "id": "BL36",
          "name": "Phasi-Charoen",
          "connections": [
            { "to": "BL37", "time": 2 },
            { "to": "BL35", "time": 2 }
          ]
        },
        {
          "id": "BL35",
          "name": "Phetkasem-48",
          "connections": [
            { "to": "BL36", "time": 2 },
            { "to": "BL34", "time": 2 }
          ]
        },
        {
          "id": "BL34",
          "name": "Bang-Wa",
          "interchange": true,
          "connections": [
            { "to": "BL35", "time": 2 },
            { "to": "BL33", "time": 1 },
            { "to": "S12", "time": 4 , "type": "interchange" , "line": "BTS_SILOM" }
          ]
        },
        {
          "id": "BL33",
          "name": "Bang-Phai",
          "connections": [
            { "to": "BL34", "time": 1 },
            { "to": "BL01", "time": 1 }
          ]
        },
        {
          "id": "BL01",
          "name": "Tha-Phra",
          "connections": [
            { "to": "BL33", "time": 1 },
            { "to": "BL32", "time": 2 },
            { "to": "BL02", "time": 1 }
          ]
        },
        {
          "id": "BL02",
          "name": "Charan-13",
          "connections": [
            { "to": "BL01", "time": 1 },
            { "to": "BL03", "time": 3 }
          ]
        },
        {
          "id": "BL03",
          "name": "Fai-Chai",
          "connections": [
            { "to": "BL02", "time": 3 },
            { "to": "BL04", "time": 1 }
          ]
        },
        {
          "id": "BL04",
          "name": "Bang-Khun-Non",
          "connections": [
            { "to": "BL03", "time": 1 },
            { "to": "BL05", "time": 3 }
          ]
        },
        {
          "id": "BL05",
          "name": "Bang-Yi-Khan",
          "connections": [
            { "to": "BL04", "time": 3 },
            { "to": "BL06", "time": 2 }
          ]
        },
        {
          "id": "BL06",
          "name": "Sirindhorn",
          "connections": [
            { "to": "BL05", "time": 2 },
            { "to": "BL07", "time": 2 }
          ]
        },
        {
          "id": "BL07",
          "name": "Bang-Phlat",
          "connections": [
            { "to": "BL06", "time": 2 },
            { "to": "BL08", "time": 2 }
          ]
        },
        {
          "id": "BL08",
          "name": "Bang-O",
          "connections": [
            { "to": "BL07", "time": 2 },
            { "to": "BL09", "time": 3 }
          ]
        },
        {
          "id": "BL09",
          "name": "Bang-Pho",
          "connections": [
            { "to": "BL08", "time": 3 },
            { "to": "BL10", "time": 1 }
          ]
        },
        {
          "id": "BL10",
          "name": "Tao-Poon",
          "interchange": true,
          "connections": [
            { "to": "BL09", "time": 1 },
            { "to": "BL11", "time": 3 },
            { "to": "PP16", "time": 2 , "type": "interchange" , "line": "MRT_PURPLE" }
          ]
        },
        {
          "id": "BL11",
          "name": "Bang-Sue-Grand-Station",
          "interchange": true,
          "connections": [
            { "to": "BL10", "time": 3 },
            { "to": "BL12", "time": 2 },
            { "to": "RN01", "time": 5 , "type": "interchange" , "line": "SRT_RED" },
            { "to": "RW01", "time": 5 , "type": "interchange" , "line": "SRT_RED" }
          ]
        },
        {
          "id": "BL12",
          "name": "Kamphaeng-Phet",
          "connections": [
            { "to": "BL11", "time": 2 },
            { "to": "BL13", "time": 2 }
          ]
        },
        {
          "id": "BL13",
          "name": "Chatuchak-Park",
          "interchange": true,
          "connections": [
            { "to": "BL12", "time": 2 },
            { "to": "BL14", "time": 2 },
            { "to": "N8", "time": 3 , "type": "interchange" , "line": "BTS_SUKHUMVIT" }
          ]
        },
        {
          "id": "BL14",
          "name": "Phahon-Yothin",
          "interchange": true,
          "connections": [
            { "to": "BL13", "time": 2 },
            { "to": "BL15", "time": 3 },
            { "to": "N9", "time": 6 , "type": "interchange" , "line": "BTS_SUKHUMVIT" }
          ]
        },
        {
          "id": "BL15",
          "name": "Lat-Phrao",
          "interchange": true,
          "connections": [
            { "to": "BL14", "time": 3 },
            { "to": "BL16", "time": 1 },
            { "to": "YL01", "time": 7 , "type": "interchange" , "line": "MRT_YELLOW" }
          ]
        },
        {
          "id": "BL16",
          "name": "Ratchadaphisek",
          "connections": [
            { "to": "BL15", "time": 1 },
            { "to": "BL17", "time": 2 }
          ]
        },
        {
          "id": "BL17",
          "name": "Sutthisan",
          "connections": [
            { "to": "BL16", "time": 2 },
            { "to": "BL18", "time": 2 }
          ]
        },
        {
          "id": "BL18",
          "name": "Huai-Khwang",
          "connections": [
            { "to": "BL17", "time": 2 },
            { "to": "BL19", "time": 3 }
          ]
        },
        {
          "id": "BL19",
          "name": "Thailand-Cultural-Centre",
          "connections": [
            { "to": "BL18", "time": 3 },
            { "to": "BL20", "time": 2 }
          ]
        },
        {
          "id": "BL20",
          "name": "Phra-Ram-9",
          "connections": [
            { "to": "BL19", "time": 2 },
            { "to": "BL21", "time": 2 }
          ]
        },
        {
          "id": "BL21",
          "name": "Phetchaburi",
          "interchange": true,
          "connections": [
            { "to": "BL20", "time": 2 },
            { "to": "BL22", "time": 2 },
            { "to": "A6", "time": 7 , "type": "interchange" , "line": "ARL" }
          ]
        },
        {
          "id": "BL22",
          "name": "Sukhumvit",
          "interchange": true,
          "connections": [
            { "to": "BL21", "time": 2 },
            { "to": "BL23", "time": 2 },
            { "to": "E4", "time": 5 , "type": "interchange" , "line": "BTS_SUKHUMVIT" }
          ]
        },
        {
          "id": "BL23",
          "name": "Queen-Sirikit-National-Convention-Centre",
          "connections": [
            { "to": "BL22", "time": 2 },
            { "to": "BL24", "time": 2 }
          ]
        },
        {
          "id": "BL24",
          "name": "Khlong-Toei",
          "connections": [
            { "to": "BL23", "time": 2 },
            { "to": "BL25", "time": 2 }
          ]
        },
        {
          "id": "BL25",
          "name": "Lumphini",
          "connections": [
            { "to": "BL24", "time": 2 },
            { "to": "BL26", "time": 2 }
          ]
        },
        {
          "id": "BL26",
          "name": "Si-lom",
          "interchange": true,
          "connections": [
            { "to": "BL25", "time": 2 },
            { "to": "BL27", "time": 1 },
            { "to": "S2", "time": 4 , "type": "interchange" , "line": "BTS_SILOM" }
          ]
        },
        {
          "id": "BL27",
          "name": "Sam-Yan",
          "connections": [
            { "to": "BL26", "time": 1 },
            { "to": "BL28", "time": 3 }
          ]
        },
        {
          "id": "BL28",
          "name": "Hua-Lamphong",
          "connections": [
            { "to": "BL27", "time": 3 },
            { "to": "BL29", "time": 2 }
          ]
        },
        {
          "id": "BL29",
          "name": "Wat-Mangkon",
          "connections": [
            { "to": "BL28", "time": 2 },
            { "to": "BL30", "time": 2 }
          ]
        },
        {
          "id": "BL30",
          "name": "Sam-Yot",
          "connections": [
            { "to": "BL29", "time": 2 },
            { "to": "BL31", "time": 1 }
          ]
        },
        {
          "id": "BL31",
          "name": "Sanam-Chai",
          "connections": [
            { "to": "BL30", "time": 1 },
            { "to": "BL32", "time": 3 }
          ]
        },
        {
          "id": "BL32",
          "name": "Itsaraphap",
          "connections": [
            { "to": "BL31", "time": 3 },
            { "to": "BL01", "time": 2 }
          ]
        }
      ]
    },
    {
      "name": "ARL",
      "color": "#690606",
      "stations": [
        {
          "id": "A1",
          "name": "Suvarnabhumi",
          "connections": [
            { "to": "A2", "time": 7 }
          ]
        },
        {
          "id": "A2",
          "name": "Lat-Krabang",
          "connections": [
            { "to": "A3", "time": 2 },
            { "to": "A1", "time": 7 }
          ]
        },
        {
          "id": "A3",
          "name": "Ban-Thap-Chang",
          "connections": [
            { "to": "A4", "time": 3 },
            { "to": "A2", "time": 2 }
          ]
        },
        {
          "id": "A4",
          "name": "Hua-Mak",
          "interchange": true,
          "connections": [
            { "to": "A5", "time": 3 },
            { "to": "A3", "time": 3 },
            { "to": "YL11", "time": 8 , "type": "interchange" , "line": "MRT_YELLOW" }
          ]
        },
        {
          "id": "A5",
          "name": "Ramkhamhaeng",
          "connections": [
            { "to": "A6", "time": 3 },
            { "to": "A4", "time": 3 }
          ]
        },
        {
          "id": "A6",
          "name": "Makkasan",
          "interchange": true,
          "connections": [
            { "to": "A7", "time": 2 },
            { "to": "A5", "time": 3 },
            { "to": "BL21", "time": 7, "type": "interchange", "line": "MRT_BLUE" }
          ]
        },
        {
          "id": "A7",
          "name": "Ratchaprarop",
          "connections": [
            { "to": "A8", "time": 2 },
            { "to": "A6", "time": 2 }
          ]
        },
        {
          "id": "A8",
          "name": "Phaya-Thai",
          "interchange": true,
          "connections": [
            { "to": "A7", "time": 2 },
            { "to": "N2", "time": 6, "type": "interchange", "line": "BTS_SUKHUMVIT"}
          ]
        }
      ]
    },
    {
      "name": "MRT_PINK",
      "color": "#cb4e9b",
      "stations": [
        {
          "id": "PK01",
          "name": "Nonthaburi-Civic-Center",
          "interchange": true,
          "connections": [
            { "to": "PK02", "time": 2 },
            { "to": "PP11", "time": 5 , "type": "interchange" , "line": "MRT_PURPLE" }
          ]
        },
        {
          "id": "PK02",
          "name": "Khae-Rai",
          "connections": [
            { "to": "PK01", "time": 2 },
            { "to": "PK03", "time": 2 }
          ]
        },
        {
          "id": "PK03",
          "name": "Sanambin-Nam",
          "connections": [
            { "to": "PK02", "time": 2 },
            { "to": "PK04", "time": 2 }
          ]
        },
        {
          "id": "PK04",
          "name": "Samakkhi",
          "connections": [
            { "to": "PK03", "time": 2 },
            { "to": "PK05", "time": 2 }
          ]
        },
        {
          "id": "PK05",
          "name": "Royal-Irrigation-Department",
          "connections": [
            { "to": "PK04", "time": 2 },
            { "to": "PK06", "time": 2 }
          ]
        },
        {
          "id": "PK06",
          "name": "Yaek-Pak-Kret",
          "connections": [
            { "to": "PK05", "time": 2 },
            { "to": "PK07", "time": 2 }
          ]
        },
        {
          "id": "PK07",
          "name": "Pak-Kret-Bypass",
          "connections": [
            { "to": "PK06", "time": 2 },
            { "to": "PK08", "time": 2 }
          ]
        },
        {
          "id": "PK08",
          "name": "Chaeng-Watthana-Pak-Kret-28",
          "connections": [
            { "to": "PK07", "time": 2 },
            { "to": "PK09", "time": 2 }
          ]
        },
        {
          "id": "PK09",
          "name": "Si-Rat",
          "connections": [
            { "to": "PK08", "time": 2 },
            { "to": "PK10", "time": 3 }
          ]
        },
        {
          "id": "PK10",
          "name": "Muang-Thong-Thani",
          "connections": [
            { "to": "PK09", "time": 3 },
            { "to": "PK11", "time": 2 }
          ]
        },
        {
          "id": "PK11",
          "name": "Chaeng-Watthana-14",
          "connections": [
            { "to": "PK10", "time": 2 },
            { "to": "PK12", "time": 2 }
          ]
        },
        {
          "id": "PK12",
          "name": "Government-Complex",
          "connections": [
            { "to": "PK11", "time": 2 },
            { "to": "PK13", "time": 2 }
          ]
        },
        {
          "id": "PK13",
          "name": "National-Telecom",
          "connections": [
            { "to": "PK12", "time": 2 },
            { "to": "PK14", "time": 2 }
          ]
        },
        {
          "id": "PK14",
          "name": "Lak-Si",
          "interchange": true,
          "connections": [
            { "to": "PK13", "time": 2 },
            { "to": "PK15", "time": 1 },
            { "to": "RN06", "time": 6 , "type": "interchange" , "line": "SRT_RED" }
          ]
        },
        {
          "id": "PK15",
          "name": "Rajabhat-Phranakhon",
          "connections": [
            { "to": "PK14", "time": 1 },
            { "to": "PK16", "time": 3 }
          ]
        },
        {
          "id": "PK16",
          "name": "Wat-Phra-Sri-Mahathat",
          "interchange": true,
          "connections": [
            { "to": "PK15", "time": 3 },
            { "to": "PK17", "time": 1 },
            { "to": "N17", "time": 4 , "type": "interchange" , "line": "BTS_SUKHUMVIT" }
          ]
        },
        {
          "id": "PK17",
          "name": "Ram-Inthra-3",
          "connections": [
            { "to": "PK16", "time": 1 },
            { "to": "PK18", "time": 2 }
          ]
        },
        {
          "id": "PK18",
          "name": "Lat-Pla-Khao",
          "connections": [
            { "to": "PK17", "time": 2 },
            { "to": "PK19", "time": 2 }
          ]
        },
        {
          "id": "PK19",
          "name": "Ram-Inthra-Kor-Mor-4",
          "connections": [
            { "to": "PK18", "time": 2 },
            { "to": "PK20", "time": 2 }
          ]
        },
        {
          "id": "PK20",
          "name": "Maiyalap",
          "connections": [
            { "to": "PK19", "time": 2 },
            { "to": "PK21", "time": 2 }
          ]
        },
        {
          "id": "PK21",
          "name": "Vacharaphol",
          "connections": [
            { "to": "PK20", "time": 2 },
            { "to": "PK22", "time": 2 }
          ]
        },
        {
          "id": "PK22",
          "name": "Ram-Inthra-Kor-Mor-6",
          "connections": [
            { "to": "PK21", "time": 2 },
            { "to": "PK23", "time": 2 }
          ]
        },
        {
          "id": "PK23",
          "name": "Khu-Bon",
          "connections": [
            { "to": "PK22", "time": 2 },
            { "to": "PK24", "time": 2 }
          ]
        },
        {
          "id": "PK24",
          "name": "Ram-Inthra-Kor-Mor-9",
          "connections": [
            { "to": "PK23", "time": 2 },
            { "to": "PK25", "time": 2 }
          ]
        },
        {
          "id": "PK25",
          "name": "Outer-Ring-Road-Ram-Inthra",
          "connections": [
            { "to": "PK24", "time": 2 },
            { "to": "PK26", "time": 2 }
          ]
        },
        {
          "id": "PK26",
          "name": "Nopparat",
          "connections": [
            { "to": "PK25", "time": 2 },
            { "to": "PK27", "time": 3 }
          ]
        },
        {
          "id": "PK27",
          "name": "Bang-Chan",
          "connections": [
            { "to": "PK26", "time": 3 },
            { "to": "PK28", "time": 2 }
          ]
        },
        {
          "id": "PK28",
          "name": "Setthabutbamphen",
          "connections": [
            { "to": "PK27", "time": 2 },
            { "to": "PK29", "time": 2 }
          ]
        },
        {
          "id": "PK29",
          "name": "Min-Buri-Market",
          "connections": [
            { "to": "PK28", "time": 2 },
            { "to": "PK30", "time": 2 }
          ]
        },
        {
          "id": "PK30",
          "name": "Min-Buri",
          "connections": [
            { "to": "PK29", "time": 2 }
          ]
        }
      ]
    },
    {
      "name": "MRT_YELLOW",
      "color": "#edd240",
      "stations": [
        {
          "id": "YL01",
          "name": "Lat-Phrao",
          "interchange": true,
          "connections": [
            { "to": "YL02", "time": 2 },
            { "to": "BL15", "time": 7 , "type": "interchange" , "line": "MRT_BLUE" }
          ]
        },
        {
          "id": "YL02",
          "name": "Phawana",
          "connections": [
            { "to": "YL01", "time": 2 },
            { "to": "YL03", "time": 2 }
          ]
        },
        {
          "id": "YL03",
          "name": "Chok-Chai-4",
          "connections": [
            { "to": "YL02", "time": 2 },
            { "to": "YL04", "time": 2 }
          ]
        },
        {
          "id": "YL04",
          "name": "Lat-Phrao-71",
          "connections": [
            { "to": "YL03", "time": 2 },
            { "to": "YL05", "time": 2 }
          ]
        },
        {
          "id": "YL05",
          "name": "Lat-Phrao-83",
          "connections": [
            { "to": "YL04", "time": 2 },
            { "to": "YL06", "time": 2 }
          ]
        },
        {
          "id": "YL06",
          "name": "Mahat-Thai",
          "connections": [
            { "to": "YL05", "time": 2 },
            { "to": "YL07", "time": 1 }
          ]
        },
        {
          "id": "YL07",
          "name": "Lat-Phrao-101",
          "connections": [
            { "to": "YL06", "time": 1 },
            { "to": "YL08", "time": 2 }
          ]
        },
        {
          "id": "YL08",
          "name": "Bang-Kapi",
          "connections": [
            { "to": "YL07", "time": 2 },
            { "to": "YL09", "time": 3 }
          ]
        },
        {
          "id": "YL09",
          "name": "Yaek-Lam-Sali",
          "connections": [
            { "to": "YL08", "time": 3 },
            { "to": "YL10", "time": 2 }
          ]
        },
        {
          "id": "YL10",
          "name": "Si-Kritha",
          "connections": [
            { "to": "YL09", "time": 2 },
            { "to": "YL11", "time": 3 }
          ]
        },
        {
          "id": "YL11",
          "name": "Hua-Mak",
          "interchange": true,
          "connections": [
            { "to": "YL10", "time": 3 },
            { "to": "YL12", "time": 3 },
            { "to": "A4", "time": 8 , "type": "interchange" , "line": "ARL" }
          ]
        },
        {
          "id": "YL12",
          "name": "Kalantan",
          "connections": [
            { "to": "YL11", "time": 3 },
            { "to": "YL13", "time": 2 }
          ]
        },
        {
          "id": "YL13",
          "name": "Si-Nut",
          "connections": [
            { "to": "YL12", "time": 2 },
            { "to": "YL14", "time": 2 }
          ]
        },
        {
          "id": "YL14",
          "name": "Srinagarindra-38",
          "connections": [
            { "to": "YL13", "time": 2 },
            { "to": "YL15", "time": 2 }
          ]
        },
        {
          "id": "YL15",
          "name": "Suan-Luang-Rama-IX",
          "connections": [
            { "to": "YL14", "time": 2 },
            { "to": "YL16", "time": 2 }
          ]
        },
        {
          "id": "YL16",
          "name": "Si-Udom",
          "connections": [
            { "to": "YL15", "time": 2 },
            { "to": "YL17", "time": 2 }
          ]
        },
        {
          "id": "YL17",
          "name": "Si-Iam",
          "connections": [
            { "to": "YL16", "time": 2 },
            { "to": "YL18", "time": 2 }
          ]
        },
        {
          "id": "YL18",
          "name": "Si-La-Salle",
          "connections": [
            { "to": "YL17", "time": 2 },
            { "to": "YL19", "time": 2 }
          ]
        },
        {
          "id": "YL19",
          "name": "Si-Bearing",
          "connections": [
            { "to": "YL18", "time": 2 },
            { "to": "YL20", "time": 2 }
          ]
        },
        {
          "id": "YL20",
          "name": "Si-Dan",
          "connections": [
            { "to": "YL19", "time": 2 },
            { "to": "YL21", "time": 3 }
          ]
        },
        {
          "id": "YL21",
          "name": "Si-Thepha",
          "connections": [
            { "to": "YL20", "time": 3 },
            { "to": "YL22", "time": 2 }
          ]
        },
        {
          "id": "YL22",
          "name": "Thipphawan",
          "connections": [
            { "to": "YL21", "time": 2 },
            { "to": "YL23", "time": 2 }
          ]
        },
        {
          "id": "YL23",
          "name": "Samrong",
          "interchange": true,
          "connections": [
            { "to": "YL22", "time": 2 },
            { "to": "E15", "time": 10 , "type": "interchange" , "line": "BTS_SUKHUMVIT" }
          ]
        }
      ]
    },
   {
    "name": "MRT_PURPLE",
    "color": "#854289",
    "stations": [
      {
        "id": "PP01",
        "name": "Khlong-Bang-Phai",
        "connections": [
          { "to": "PP02", "time": 2 }
        ]
      },
      {
        "id": "PP02",
        "name": "Talad-Bang-Yai",
        "connections": [
          { "to": "PP01", "time": 2 },
          { "to": "PP03", "time": 2 }
        ]
      },
      {
        "id": "PP03",
        "name": "Sam-Yaek-Bang-Yai",
        "connections": [
          { "to": "PP02", "time": 2 },
          { "to": "PP04", "time": 1.5 }
        ]
      },
      {
        "id": "PP04",
        "name": "Bang-Phlu",
        "connections": [
          { "to": "PP03", "time": 1.5 },
          { "to": "PP05", "time": 1 }
        ]
      },
      {
        "id": "PP05",
        "name": "Bang-Rak-Yai",
        "connections": [
          { "to": "PP04", "time": 1 },
          { "to": "PP06", "time": 1.5 }
        ]
      },
      {
        "id": "PP06",
        "name": "Bang-Rak-Noi-Tha-It",
        "connections": [
          { "to": "PP05", "time": 1.5 },
          { "to": "PP07", "time": 2 }
        ]
      },
      {
        "id": "PP07",
        "name": "Sai-Ma",
        "connections": [
          { "to": "PP06", "time": 2 },
          { "to": "PP08", "time": 2 }
        ]
      },
      {
        "id": "PP08",
        "name": "Phra-Nang-Klao-Bridge",
        "connections": [
          { "to": "PP07", "time": 2 },
          { "to": "PP09", "time": 3 }
        ]
      },
      {
        "id": "PP09",
        "name": "Yaek-Nonthaburi-1",
        "connections": [
          { "to": "PP08", "time": 3 },
          { "to": "PP10", "time": 1.5 }
        ]
      },
      {
        "id": "PP10",
        "name": "Bang-Krasor",
        "connections": [
          { "to": "PP09", "time": 1.5 },
          { "to": "PP11", "time": 2 }
        ]
      },
      {
        "id": "PP11",
        "name": "Nonthaburi-Civic-Center",
        "interchange": true,
        "connections": [
          { "to": "PP10", "time": 2 },
          { "to": "PP12", "time": 2 },
          { "to": "PK01", "time": 5 , "type": "interchange" , "line": "MRT_PINK"}
        ]
      },
      {
        "id": "PP12",
        "name": "Ministry-of-Public-Health",
        "connections": [
          { "to": "PP11", "time": 2 },
          { "to": "PP13", "time": 2 }
        ]
      },
      {
        "id": "PP13",
        "name": "Yaek-Tiwanon",
        "connections": [
          { "to": "PP12", "time": 2 },
          { "to": "PP14", "time": 1.5 }
        ]
      },
      {
        "id": "PP14",
        "name": "Wong-Sawang",
        "connections": [
          { "to": "PP13", "time": 1.5 },
          { "to": "PP15", "time": 2 }
        ]
      },
      {
        "id": "PP15",
        "name": "Bang-Son",
        "interchange": true,
        "connections": [
          { "to": "PP14", "time": 2 },
          { "to": "PP16", "time": 2 },
          { "to": "RW02", "time": 5 , "type": "interchange" , "line": "SRT_RED"}
        ]
      },
      {
        "id": "PP16",
        "name": "Tao-Poon",
        "interchange": true,
        "connections": [
          { "to": "PP15", "time": 2 },
          { "to": "BL10", "time": 3 , "type": "interchange" , "line": "MRT_BLUE"}
        ]
      }
    ]
  }
]
}